account,time
annkathrin.gr,2019-02-02 18:09:23
annkathrin.gr,2019-02-01 20:59:30
annkathrin.gr,2019-02-02 15:11:59
lory_irol,2019-02-03 13:50:36
lory_irol,2019-02-02 20:41:08
lory_irol,2019-02-03 07:19:31
enisa.bukvic,2019-02-02 02:44:44
enisa.bukvic,2019-02-01 11:16:03
enisa.bukvic,2019-02-02 18:23:48
enisa.bukvic,2019-02-02 18:25:56
enisa.bukvic,2019-02-02 18:23:48
enisa.bukvic,2019-02-01 11:14:09
enisa.bukvic,2019-02-02 18:23:48
selinahcok,2019-02-01 23:18:25
selinahcok,2019-02-01 21:03:40
selinahcok,2019-02-02 14:32:10
lucy_m_thomas,2019-02-02 12:40:14
lucy_m_thomas,2018-09-22 13:42:07
lucy_m_thomas,2019-01-30 13:36:48
lucy_m_thomas,2019-02-02 22:02:08
lucy_m_thomas,2019-02-02 00:12:30
lucy_m_thomas,2019-02-02 15:31:32
lucy_m_thomas,2019-02-02 01:53:58
lucy_m_thomas,2019-02-02 15:06:38
lucy_m_thomas,2019-02-02 13:26:38
lucy_m_thomas,2019-02-02 13:20:38
lucy_m_thomas,2019-02-02 11:01:10
melinalxcht,2019-02-02 17:08:58
lionyleo,2019-02-02 13:29:49
lionyleo,2019-02-02 16:55:27
lionyleo,2019-02-02 17:36:05
lionyleo,2019-02-02 19:54:08
lionyleo,2019-02-02 13:31:17
lionyleo,2019-02-02 10:49:00
biancaolivia,2019-02-02 15:10:38
biancaolivia,2019-02-01 22:44:03
biancaolivia,2019-02-02 12:34:06
biancaolivia,2019-02-01 21:57:49
biancaolivia,2019-02-02 09:08:21
biancaolivia,2019-02-01 21:17:44
biancaolivia,2019-02-01 21:33:19
biancaolivia,2019-02-01 21:16:01
biancaolivia,2019-02-01 22:45:44
biancaolivia,2019-02-02 17:15:20
marlene.thdr,2019-01-24 12:06:57
marlene.thdr,2019-02-01 19:38:19
naomiiufelle,2019-02-02 17:02:37
naomiiufelle,2019-02-02 18:38:23
dgdebora,2019-02-03 00:34:00
celine.hamann,2019-02-01 17:05:23
moon._.kitty,2019-02-01 22:07:28
moon._.kitty,2019-02-01 22:40:34
moon._.kitty,2019-02-01 22:17:17
moon._.kitty,2019-02-01 21:58:26
moon._.kitty,2019-02-01 22:40:34
isabellkremer,2019-02-03 11:36:54
isabellkremer,2019-02-03 12:18:06
isabellkremer,2019-02-02 19:57:18
isabellkremer,2019-02-03 11:41:34
isabellkremer,2019-02-03 12:13:19
isabellkremer,2019-02-03 12:22:49
isabellkremer,2019-02-03 12:20:02
isabellkremer,2019-02-02 15:38:15
isabellkremer,2019-02-03 12:39:01
isabellkremer,2019-02-02 15:57:05
isabellkremer,2019-02-02 17:04:00
isabellkremer,2019-02-03 12:18:06
isabellkremer,2019-02-03 12:43:06
isabellkremer,2019-02-02 10:01:02
isabellkremer,2019-02-03 12:25:21
isabellkremer,2019-02-02 19:50:49
isabellkremer,2019-02-02 15:17:46
isabellkremer,2019-02-03 12:00:16
isabellkremer,2019-02-02 15:13:05
kimjdammer,2019-01-16 14:26:15
kimjdammer,2019-02-01 20:12:49
catharinamaranca,2019-02-01 21:44:46
catharinamaranca,2019-02-01 21:44:46
catharinamaranca,2019-02-03 09:50:18
catharinamaranca,2019-02-02 14:19:41
_yaraline_,2019-02-02 13:17:55
_yaraline_,2019-02-02 19:44:31
_yaraline_,2019-02-02 13:09:58
_yaraline_,2019-02-02 13:16:48
_yaraline_,2019-02-03 13:20:30
_yaraline_,2019-02-01 12:42:51
_yaraline_,2019-02-02 15:57:56
_yaraline_,2019-02-02 13:16:48
_yaraline_,2019-02-02 13:16:48
_yaraline_,2019-02-02 15:57:56
_yaraline_,2019-02-02 18:56:43
_yaraline_,2019-02-02 13:09:58
_yaraline_,2019-02-01 20:36:21
_yaraline_,2019-02-02 13:16:48
_yaraline_,2019-02-02 13:10:32
mariawillhauk,2019-02-02 10:26:35
mariawillhauk,2019-02-02 08:17:04
mariawillhauk,2019-02-02 12:22:11
mariawillhauk,2019-02-02 20:47:14
mariawillhauk,2019-02-02 08:35:25
mariawillhauk,2019-02-02 21:30:31
mariawillhauk,2019-02-03 11:51:28
mariawillhauk,2019-02-02 11:19:52
mariawillhauk,2019-02-02 13:32:57
mariawillhauk,2019-02-02 17:17:42
olivia.rhd,2019-02-02 21:28:19
olivia.rhd,2019-02-03 01:01:22
